시도,시군구,데이터개월수,시작년월,종료년월,데이터구분,신뢰도,최근월방문자수,최근3개월평균방문자수,직전3개월평균방문자수,최근3개월증가율,월평균추세기울기,상대추세기울기,최근3개월전년대비증감률,최근증가점수,장기추세점수,전년대비성장점수,로컬발견가능성,최근월증가율,최근월전년대비증감률,단기증가점수,단기전년대비점수,단기임시점수
강원특별자치도,강릉시,12,202509,202608,12개월,높음,3967026.0,3371082.0,2746172.0,22.755675900853987,82588.41608391603,2.855696182673412,-2.6999999999999997,58.85240336742596,73.63335878109214,16.7450611476952,50.65,,,,,
강원특별자치도,고성군,12,202509,202608,12개월,높음,1795412.0,1492122.3333333333,950124.6666666666,57.04490007276238,49482.96853146854,4.481284630141657,2.9,100.0,96.50282780112832,32.54938852304797,78.72,,,,,
강원특별자치도,동해시,12,202509,202608,12개월,높음,1386556.0,1253910.0,1035927.3333333334,21.042273878927155,29461.5174825175,2.757911423354497,2.566666666666667,56.796294576097814,72.25768123653374,31.608654750705544,53.88,,,,,
강원특별자치도,삼척시,12,202509,202608,12개월,높음,1419716.0,1189974.6666666667,1005637.3333333334,18.33039876536008,29371.734265734245,2.9468168848290275,-7.2,53.54200271077202,74.91528353780242,4.045155221072434,45.1,,,,,
강원특별자치도,속초시,12,202509,202608,12개월,높음,3285426.0,2700390.0,1924331.6666666667,40.32872018770153,64304.63636363628,2.9261487998028874,-1.0999999999999999,79.94032691729606,74.62451613542274,21.26058325493885,60.74,,,,,
강원특별자치도,양구군,12,202509,202608,12개월,높음,309788.0,271613.6666666667,256203.66666666666,6.014746080917407,3174.6853146853086,1.2898059267962143,-5.8999999999999995,38.76302998203091,51.603749287167844,7.714016933207901,33.3,,,,,
강원특별자치도,양양군,12,202509,202608,12개월,높음,2018597.0,1672226.6666666667,1189450.3333333333,40.588187653064416,50542.080419580394,3.8902665496130306,-3.866666666666667,80.25169186829356,88.18813431029955,13.452492944496703,62.59,,,,,
강원특별자치도,영월군,12,202509,202608,12개월,높음,1013800.0,835452.3333333334,710009.3333333334,17.667795916297813,31145.090909090897,4.729867696076081,3.1,52.74686909607959,100.0,33.113828786453425,61.03,,,,,
강원특별자치도,원주시,12,202509,202608,12개월,높음,3265594.0,3025013.6666666665,2962859.3333333335,2.0977821199296343,2035.1258741259055,0.06878811593317269,-1.0333333333333334,34.06261295646587,34.425951892055515,21.448730009407335,30.39,,,,,
강원특별자치도,인제군,12,202509,202608,12개월,높음,1587180.0,1277528.0,856101.3333333334,49.22625981970981,34590.23076923076,3.490896122150349,26.8,90.61751138681687,82.5696214372528,100.0,91.02,,,,,
강원특별자치도,정선군,12,202509,202608,12개월,높음,1157964.0,962007.3333333334,682955.0,40.8595490674105,12175.527972027972,1.4665869631225652,-7.5,80.57732974108932,54.090780023570986,3.19849482596425,49.42,,,,,
강원특별자치도,철원군,12,202509,202608,12개월,높음,594601.0,543970.3333333334,537091.6666666666,1.2807248917782648,-9075.800699300691,-1.6391881059265838,-8.633333333333333,33.08213171019595,10.397416653868682,0.0,16.35,,,,,
강원특별자치도,춘천시,12,202509,202608,12개월,높음,2759162.0,2505022.6666666665,2589040.0,-3.2451153065743865,-3094.402097902035,-0.12367116542170982,-5.0,27.651053830694917,31.7183529426296,10.253998118532452,23.65,,,,,
강원특별자치도,태백시,12,202509,202608,12개월,높음,640563.0,524167.0,379620.6666666667,38.076518489509695,8418.12937062936,1.8752324363956927,-5.166666666666667,77.2376502236566,59.83977818220877,9.783631232361238,51.78,,,,,
강원특별자치도,평창군,12,202509,202608,12개월,높음,2127013.0,1757753.6666666667,1151773.0,52.61285571607137,34954.2937062937,2.42567707618596,-3.6,94.68147857377875,67.58366726836347,14.205079962370649,62.41,,,,,
강원특별자치도,홍천군,12,202509,202608,12개월,높음,2621010.0,2213879.6666666665,1661590.0,33.23862485129705,46546.975524475514,2.510533966723448,-4.0,71.43210341459356,68.77747006162647,13.076199435559735,53.13,,,,,
강원특별자치도,화천군,12,202509,202608,12개월,높음,454842.0,390381.6666666667,332791.6666666667,17.30512082133467,4906.258741258744,1.3890512730671738,-4.433333333333333,52.31165340145184,52.99997498959663,11.853245531514581,40.38,,,,,
강원특별자치도,횡성군,12,202509,202608,12개월,높음,1297821.0,1090037.6666666667,890665.6666666666,22.38460597074025,18327.19230769232,1.9389191654908722,-4.6,58.407113741441755,60.735750148728364,11.382878645343366,45.0,,,,,
경기도,가평군,2,202607,202608,2개월,낮음,3226482.0,,,,,,,,,,,24.031871352110628,-2.9,80.77363619501068,79.72085385878489,80.25
경기도,고양시,2,202607,202608,2개월,낮음,12419799.0,,,,,,,,,,,1.2903473630074813,-2.6,25.177357683040068,79.96715927750411,52.57
경기도,고양시+덕양구,2,202607,202608,2개월,낮음,5402450.0,,,,,,,,,,,1.293721699837816,-1.2,25.185606935390197,81.11658456486043,53.15
경기도,고양시+일산동구,2,202607,202608,2개월,낮음,4490734.0,,,,,,,,,,,2.0459713540832283,-6.4,27.024634139899494,76.84729064039408,51.94
경기도,고양시+일산서구,2,202607,202608,2개월,낮음,3668077.0,,,,,,,,,,,0.9036852179204264,-1.5,24.232083464891964,80.87027914614123,52.55
경기도,과천시,2,202607,202608,2개월,낮음,1710062.0,,,,,,,,,,,-0.9296631904474167,-4.6,19.750090579545482,78.32512315270937,49.04
경기도,광명시,2,202607,202608,2개월,낮음,4065285.0,,,,,,,,,,,4.234869696317036,2.0,32.375841118267914,83.74384236453201,58.06
경기도,광주시,2,202607,202608,2개월,낮음,3994536.0,,,,,,,,,,,1.4604380247282347,-3.1,25.59317888331863,79.55665024630542,52.57
경기도,구리시,2,202607,202608,2개월,낮음,4107638.0,,,,,,,,,,,3.4984970230221304,-3.4,30.57562842132093,79.31034482758619,54.94
경기도,군포시,2,202607,202608,2개월,낮음,2139722.0,,,,,,,,,,,0.027487759065117003,-1.8,22.090040654685307,80.623973727422,51.36
경기도,김포시,2,202607,202608,2개월,낮음,4564704.0,,,,,,,,,,,3.2116622948662377,0.5,29.874402617759937,82.51231527093597,56.19
경기도,남양주시,2,202607,202608,2개월,낮음,6434306.0,,,,,,,,,,,4.751493215734183,-1.2,33.63883233579198,81.11658456486043,57.38
경기도,동두천시,2,202607,202608,2개월,낮음,892224.0,,,,,,,,,,,7.801308756294886,-0.5,41.09472642118375,81.6912972085386,61.39
경기도,부천시,2,202607,202608,2개월,낮음,8824106.0,,,,,,,,,,,0.235329825820488,-1.1,22.598152839047795,81.19868637110017,51.9
경기도,부천시+소사구,2,202607,202608,2개월,낮음,2454781.0,,,,,,,,,,,-0.19284219222906546,-2.2,21.551399297907732,80.29556650246306,50.92
경기도,부천시+오정구,2,202607,202608,2개월,낮음,1546573.0,,,,,,,,,,,-4.635900838350529,-11.9,10.689439208814795,72.33169129720854,41.51
경기도,부천시+원미구,2,202607,202608,2개월,낮음,5643872.0,,,,,,,,,,,1.9260192471895663,1.8,26.731386829554193,83.57963875205255,55.16
경기도,성남시,2,202607,202608,2개월,낮음,12719196.0,,,,,,,,,,,0.5657179209475027,1.1,23.405853702126382,83.00492610837438,53.21
경기도,성남시+분당구,2,202607,202608,2개월,낮음,7826836.0,,,,,,,,,,,-0.6456454664801824,3.7,20.44442964369899,85.13957307060755,52.79
경기도,성남시+수정구,2,202607,202608,2개월,낮음,3803912.0,,,,,,,,,,,2.880921773801162,-1.0,29.065840177831152,81.2807881773399,55.17
경기도,성남시+중원구,2,202607,202608,2개월,낮음,2006095.0,,,,,,,,,,,1.1956256907686822,-3.6,24.945791299299426,79.14614121510674,52.05
경기도,수원시,2,202607,202608,2개월,낮음,17119179.0,,,,,,,,,,,3.004339025197682,1.5,29.367558738342343,83.33333333333334,56.35
경기도,수원시+권선구,2,202607,202608,2개월,낮음,4487102.0,,,,,,,,,,,4.350311404297219,4.0,32.658061841550975,85.38587848932677,59.02
경기도,수원시+영통구,2,202607,202608,2개월,낮음,5116335.0,,,,,,,,,,,1.1893719351971581,0.9,24.930502722479908,82.84072249589491,53.89
경기도,수원시+장안구,2,202607,202608,2개월,낮음,3950342.0,,,,,,,,,,,2.28169409391184,-2.5,27.60090629744689,80.04926108374384,53.83
경기도,수원시+팔달구,2,202607,202608,2개월,낮음,6734298.0,,,,,,,,,,,5.63452260767374,3.1,35.797577195285626,84.64696223316913,60.22
경기도,시흥시,2,202607,202608,2개월,낮음,5067629.0,,,,,,,,,,,5.082417354549315,0.9,34.44784366663839,82.84072249589491,58.64
경기도,안산시,2,202607,202608,2개월,낮음,6997214.0,,,,,,,,,,,3.7303845571128225,-2.0,31.142524638783648,80.45977011494253,55.8
경기도,안산시+단원구,2,202607,202608,2개월,낮음,4951842.0,,,,,,,,,,,4.655987413828304,-1.6,33.40534898767456,80.78817733990148,57.1
경기도,안산시+상록구,2,202607,202608,2개월,낮음,2461914.0,,,,,,,,,,,2.1759845676501692,-2.4,27.34247787082832,80.13136288998358,53.74
경기도,안성시,2,202607,202608,2개월,낮음,3270491.0,,,,,,,,,,,4.306443958533729,4.0,32.550818952576414,85.38587848932677,58.97
경기도,안양시,2,202607,202608,2개월,낮음,6252326.0,,,,,,,,,,,1.1934441979300123,4.0,24.940458196579982,85.38587848932677,55.16
경기도,안양시+동안구,2,202607,202608,2개월,낮음,3795424.0,,,,,,,,,,,0.37856608244668893,7.6,22.948322986845195,88.3415435139573,55.64
경기도,안양시+만안구,2,202607,202608,2개월,낮음,2677412.0,,,,,,,,,,,2.399849464405369,-0.7,27.88976112040383,81.5270935960591,54.71
경기도,양주시,2,202607,202608,2개월,낮음,3098879.0,,,,,,,,,,,5.917857306430036,-3.6,36.4902464654589,79.14614121510674,57.82
경기도,양평군,2,202607,202608,2개월,낮음,2908084.0,,,,,,,,,,,10.136841451461658,-6.4,46.80441088456988,76.84729064039408,61.83
경기도,여주시,2,202607,202608,2개월,낮음,2152899.0,,,,,,,,,,,9.41606789095082,-1.7,45.042333389964575,80.70607553366173,62.87
경기도,연천군,2,202607,202608,2개월,낮음,844025.0,,,,,,,,,,,10.42128922194545,-0.0,47.49980128485719,82.10180623973727,64.8
경기도,오산시,2,202607,202608,2개월,낮음,2769750.0,,,,,,,,,,,2.4845685750251056,3.3,28.0968742088476,84.8111658456486,56.45
경기도,용인시,2,202607,202608,2개월,낮음,12502234.0,,,,,,,,,,,2.6872306687226724,-0.4,28.592322896034432,81.77339901477832,55.18
경기도,용인시+기흥구,2,202607,202608,2개월,낮음,5266373.0,,,,,,,,,,,1.4296210910904839,-0.4,25.51784062427186,81.77339901477832,53.65
경기도,용인시+수지구,2,202607,202608,2개월,낮음,3262284.0,,,,,,,,,,,1.3081022967485165,-1.2,25.220763227967545,81.11658456486043,53.17
경기도,용인시+처인구,2,202607,202608,2개월,낮음,4652312.0,,,,,,,,,,,5.440281106876458,0.4,35.32271435926446,82.43021346469624,58.88
경기도,의왕시,2,202607,202608,2개월,낮음,2678235.0,,,,,,,,,,,0.9850266448123778,-3.7,24.430939118814408,79.06403940886699,51.75
경기도,의정부시,2,202607,202608,2개월,낮음,3878654.0,,,,,,,,,,,3.450718631885561,3.8,30.45882443132644,85.22167487684729,57.84
경기도,이천시,2,202607,202608,2개월,낮음,3291015.0,,,,,,,,,,,4.033122275504752,4.5,31.882628534892852,85.79638752052546,58.84
경기도,파주시,2,202607,202608,2개월,낮음,4615124.0,,,,,,,,,,,3.11176926105143,3.7,29.63019378936151,85.13957307060755,57.38
경기도,평택시,2,202607,202608,2개월,낮음,4932210.0,,,,,,,,,,,3.4389685736767843,5.2,30.430099025367724,86.37110016420363,58.4
경기도,포천시,2,202607,202608,2개월,낮음,2765808.0,,,,,,,,,,,13.537145151266113,2.4,55.117144525912266,84.07224958949098,69.59
경기도,하남시,2,202607,202608,2개월,낮음,5082970.0,,,,,,,,,,,3.4883706725704724,-3.7,30.550872499057764,79.06403940886699,54.81
경기도,화성시,2,202607,202608,2개월,낮음,10898500.0,,,,,,,,,,,2.398522251724572,21.8,27.88651647919677,100.0,63.94
경기도,화성시+동탄구,2,202607,202608,2개월,낮음,3951080.0,,,,,,,,,,,2.4825379879331915,,28.091910025903704,,
경기도,화성시+만세구,2,202607,202608,2개월,낮음,3739116.0,,,,,,,,,,,4.922093763600655,,34.05590005640841,,
경기도,화성시+병점구,2,202607,202608,2개월,낮음,1611792.0,,,,,,,,,,,-0.1799099149871462,,21.58301487862608,,
경기도,화성시+효행구,2,202607,202608,2개월,낮음,2197282.0,,,,,,,,,,,-0.5579265119183928,,20.658876460496884,,
경상남도,거제시,12,202509,202608,12개월,높음,2252796.0,2066499.3333333333,1859663.3333333333,11.122228216935325,11231.339160839181,0.5787288982693929,-4.4,44.89208713675995,41.600015500746984,11.947318908748821,34.02,,,,,
경상남도,거창군,12,202509,202608,12개월,높음,643790.0,555031.0,549160.3333333334,1.06902598573215,-11802.91258741256,-2.0385438867331565,-5.733333333333334,32.82808976541847,4.779109836203701,8.18438381937911,17.02,,,,,
경상남도,고성군,12,202509,202608,12개월,높음,946113.0,911762.6666666666,912882.6666666666,-0.12268827538259755,-3511.8251748251555,-0.38723998108088065,-3.366666666666667,31.39801431454814,28.010354848922198,14.863593603010344,25.42,,,,,
경상남도,김해시,12,202509,202608,12개월,높음,4150258.0,3978145.3333333335,4070332.0,-2.2648439160900513,-4906.891608391508,-0.12221962183167079,-1.1,28.827394583226358,31.738773874640607,21.26058325493885,27.43,,,,,
경상남도,남해군,12,202509,202608,12개월,높음,978145.0,833179.6666666666,770953.0,8.071395619015249,9819.006993006999,1.2809619831532113,-2.6,41.23104107449389,51.47932893005126,17.02728127939793,37.04,,,,,
경상남도,밀양시,12,202509,202608,12개월,높음,1386567.0,1271930.3333333333,1398652.3333333333,-9.060293039228,-5907.489510489533,-0.44371236200154496,-6.533333333333334,20.67275107031957,27.215877398024812,5.926622765757287,18.21,,,,,
경상남도,사천시,12,202509,202608,12개월,높음,1374034.0,1263055.6666666667,1289386.0,-2.0420830793364635,-1187.5034965034647,-0.0933899750583412,-4.866666666666667,29.094711015068537,32.14436159567055,10.630291627469422,24.47,,,,,
경상남도,산청군,12,202509,202608,12개월,높음,859579.0,708108.3333333334,649410.0,9.038717194581755,13173.877622377622,2.085033230407511,-1.1666666666666663,42.391841849858345,62.79134490040544,21.072436500470364,42.12,,,,,
경상남도,양산시,12,202509,202608,12개월,높음,3116662.0,3020768.0,3184610.6666666665,-5.144825657390664,-31589.496503496463,-0.9939476935262253,-8.266666666666666,25.371372177875433,19.474932949489148,1.034807149576671,16.3,,,,,
경상남도,의령군,12,202509,202608,12개월,높음,364476.0,356426.0,418265.0,-14.784646097569723,-5975.178321678319,-1.525712810267205,-1.0333333333333332,13.803439316685415,11.993835330848917,21.448730009407335,15.55,,,,,
경상남도,진주시,12,202509,202608,12개월,높음,1927712.0,1836817.3333333333,2004045.3333333333,-8.344521813877796,-28057.1713286713,-1.4198935619564421,-2.2333333333333334,21.531687554687228,13.482545480539976,18.062088428974597,18.08,,,,,
경상남도,창녕군,12,202509,202608,12개월,높음,739977.0,763772.3333333334,986957.6666666666,-22.613465690693243,-6061.849650349635,-0.6991926827493652,-2.3000000000000003,4.408735338782311,23.621671687673686,17.87394167450611,14.21,,,,,
경상남도,창원시,12,202509,202608,12개월,높음,9781807.0,9670913.0,10287369.0,-5.992358201596541,-48701.755244754866,-0.48640187306332294,-1.7999999999999998,24.35432008340042,26.61530321688546,19.285042333019753,23.51,,,,,
경상남도,창원시+마산합포구,12,202509,202608,12개월,높음,2102272.0,2022814.6666666667,2134059.6666666665,-5.2128345677307575,-16331.804195804163,-0.7723640642010101,-3.5333333333333337,25.289760438978533,22.592265601608148,14.393226716839132,21.21,,,,,
경상남도,창원시+마산회원구,12,202509,202608,12개월,높음,1854248.0,1834550.6666666667,1942129.0,-5.539196074685732,-10584.583916083842,-0.5588751225497205,-4.2,24.898121608736812,25.595718747955544,12.511759172154276,21.39,,,,,
경상남도,창원시+성산구,12,202509,202608,12개월,높음,2901710.0,2904941.6666666665,3025543.3333333335,-3.986115992389256,-12173.40909090895,-0.40826729729403977,0.8666666666666667,26.761841605550718,27.714533629559885,26.81091251175917,27.06,,,,,
경상남도,창원시+의창구,12,202509,202608,12개월,높음,2868712.0,2831872.0,3033036.0,-6.632430343721604,-13745.262237762161,-0.4678143456674378,-1.4333333333333333,23.586223663724446,26.87680045045729,20.31984948259642,23.59,,,,,
경상남도,창원시+진해구,12,202509,202608,12개월,높음,1506001.0,1501175.6666666667,1717300.6666666667,-12.585157869850786,-2271.832167832175,-0.14447618645199384,-2.9333333333333336,16.442859034627574,31.4256590663571,16.0865475070555,20.83,,,,,
경상남도,통영시,12,202509,202608,12개월,높음,1555428.0,1379189.0,1312045.3333333333,5.117480696805198,2894.349650349658,0.21472872878982074,-6.3,37.686297714403,36.47910644644982,6.585136406396988,27.99,,,,,
경상남도,하동군,12,202509,202608,12개월,높음,722768.0,622562.6666666666,844580.6666666666,-26.28736469616875,4312.314685314671,0.6480133027354731,-3.3666666666666667,0.0,42.574737942934874,14.863593603010344,17.23,,,,,
경상남도,함안군,12,202509,202608,12개월,높음,920493.0,959816.6666666666,1075154.6666666667,-10.727572839132613,1206.111888111886,0.12236575051930135,-0.20000000000000004,18.67198965512493,35.17970482149014,23.800564440263404,25.16,,,,,
경상남도,함양군,12,202509,202608,12개월,높음,913885.0,771389.3333333334,657203.3333333334,17.374531474277365,2172.195804195824,0.30487978487175,-7.033333333333332,52.39494725304121,37.74738981017587,4.515522107243651,33.64,,,,,
경상남도,합천군,12,202509,202608,12개월,높음,594486.0,546070.3333333334,645731.0,-15.433774538726905,-3892.3636363636474,-0.6621548534966681,-1.0,13.024475198816873,24.14273560762412,21.542803386641577,18.92,,,,,
경상북도,경산시,2,202607,202608,2개월,낮음,2616565.0,,,,,,,,,,,8.447145090510602,-1.5,42.67360463213442,80.87027914614123,61.77
경상북도,경주시,2,202607,202608,2개월,낮음,4763042.0,,,,,,,,,,,12.546549390557422,-3.4,52.69543181081335,79.31034482758619,66.0
경상북도,고령군,2,202607,202608,2개월,낮음,494462.0,,,,,,,,,,,2.4220693540803158,-2.8,27.94408215779189,79.80295566502463,53.87
경상북도,구미시,2,202607,202608,2개월,낮음,2265624.0,,,,,,,,,,,0.9286441688220394,-4.1,24.293100694271914,78.73563218390805,51.51
경상북도,김천시,2,202607,202608,2개월,낮음,1344878.0,,,,,,,,,,,3.71895090139559,-0.3,31.114572743036916,81.85550082101807,56.49
경상북도,문경시,2,202607,202608,2개월,낮음,1183668.0,,,,,,,,,,,9.76414490705451,-0.5,45.89327841634843,81.6912972085386,63.79
경상북도,봉화군,2,202607,202608,2개월,낮음,474002.0,,,,,,,,,,,11.894262728508838,-5.1,51.100784462189175,77.91461412151068,64.51
경상북도,상주시,2,202607,202608,2개월,낮음,1259324.0,,,,,,,,,,,9.834218293201973,-2.4,46.06458705399285,80.13136288998358,63.1
경상북도,성주군,2,202607,202608,2개월,낮음,682062.0,,,,,,,,,,,5.332554993421175,-8.2,35.059355975299425,75.36945812807882,55.21
경상북도,안동시,2,202607,202608,2개월,낮음,1595486.0,,,,,,,,,,,12.81092214457884,-2.8,53.34174475231166,79.80295566502463,66.57
경상북도,영덕군,2,202607,202608,2개월,낮음,1276558.0,,,,,,,,,,,27.551462903345065,-4.2,89.37799323918102,78.65353037766832,84.02
경상북도,영양군,2,202607,202608,2개월,낮음,193540.0,,,,,,,,,,,29.05764050038676,-3.1,93.06015056574124,79.55665024630542,86.31
경상북도,영주시,2,202607,202608,2개월,낮음,833612.0,,,,,,,,,,,10.371837579904565,-0.4,47.37890669287221,81.77339901477832,64.58
경상북도,영천시,2,202607,202608,2개월,낮음,1139915.0,,,,,,,,,,,5.072523882737694,-6.6,34.42365706355267,76.68308702791462,55.55
경상북도,예천군,2,202607,202608,2개월,낮음,587930.0,,,,,,,,,,,6.1498407562812805,-4.4,37.05737716849699,78.48932676518882,57.77
경상북도,울릉군,2,202607,202608,2개월,낮음,158312.0,,,,,,,,,,,26.895269241251064,-25.4,87.77379443469245,61.247947454843995,74.51
경상북도,울진군,2,202607,202608,2개월,낮음,995435.0,,,,,,,,,,,30.701408857551765,-3.2,97.07867647622547,79.47454844006569,88.28
경상북도,의성군,2,202607,202608,2개월,낮음,573898.0,,,,,,,,,,,6.1143057892498565,-4.9,36.97050471769117,78.07881773399015,57.52
경상북도,청도군,2,202607,202608,2개월,낮음,991638.0,,,,,,,,,,,10.299407591636431,-7.3,47.201836862270554,76.10837438423646,61.66
경상북도,청송군,2,202607,202608,2개월,낮음,452088.0,,,,,,,,,,,13.5431631187149,-1.4,55.13185667073242,80.95238095238095,68.04
경상북도,칠곡군,2,202607,202608,2개월,낮음,1964050.0,,,,,,,,,,,2.5630179914139606,-4.2,28.28865975517889,78.65353037766832,53.47
경상북도,포항시,2,202607,202608,2개월,낮음,5238132.0,,,,,,,,,,,6.216014976121262,-1.6,37.2191535014419,80.78817733990148,59.0
경상북도,포항시+남구,2,202607,202608,2개월,낮음,2764156.0,,,,,,,,,,,3.633102533993789,-3.0,30.904698956822962,79.63875205254516,55.27
경상북도,포항시+북구,2,202607,202608,2개월,낮음,3086433.0,,,,,,,,,,,10.22919885400573,0.4,47.03019733040977,82.43021346469624,64.73
광주광역시,광산구,2,202607,202608,2개월,낮음,4295540.0,,,,,,,,,,,1.6383365209134515,-1.6,26.02808792219892,80.78817733990148,53.41
광주광역시,남구,2,202607,202608,2개월,낮음,1712728.0,,,,,,,,,,,-0.7552605747490094,-5.5,20.176453227898815,77.58620689655173,48.88
광주광역시,동구,2,202607,202608,2개월,낮음,3001950.0,,,,,,,,,,,2.907617107356509,1.8,29.131102347597093,83.57963875205255,56.36
광주광역시,북구,2,202607,202608,2개월,낮음,4338355.0,,,,,,,,,,,0.5809943442310345,0.1,23.44320002438451,82.183908045977,52.81
광주광역시,서구,2,202607,202608,2개월,낮음,4595154.0,,,,,,,,,,,-0.40696317305135254,-4.1,21.027937031669275,78.73563218390805,49.88
대구광역시,군위군,12,202509,202608,12개월,높음,689374.0,642099.6666666666,651435.3333333334,-1.4330918494851999,-5308.094405594358,-0.8175735771318138,-6.900000000000001,29.82550986175765,21.956238963382336,4.891815616180615,19.98,,,,,
대구광역시,남구,12,202509,202608,12개월,높음,2258662.0,2258997.0,2436224.0,-7.274659473020543,-5050.293706293681,-0.21744561780896657,0.4333333333333333,22.81553882624913,30.399094100035544,25.58795860771401,25.92,,,,,
대구광역시,달서구,12,202509,202608,12개월,높음,4581619.0,4520852.333333333,4839120.666666667,-6.576986920902033,-34070.81118881122,-0.7198148425260911,-3.4,23.65275662424497,23.331550381217195,14.7695202257761,20.89,,,,,
대구광역시,달성군,12,202509,202608,12개월,높음,2616208.0,2535946.0,2761506.0,-8.168006877406748,-1597.3916083916267,-0.061228560486581665,-4.933333333333334,21.743508194580432,32.5968220418154,10.442144873000938,21.61,,,,,
대구광역시,동구,12,202509,202608,12개월,높음,5710372.0,5514268.666666667,5775598.666666667,-4.5247257484880645,-11796.76923076924,-0.2084588170616181,-0.8666666666666667,26.115501610361218,30.52552423159856,21.919096895578548,26.18,,,,,
대구광역시,북구,12,202509,202608,12개월,높음,4583572.0,4412183.0,4609047.333333333,-4.271258659237022,-39552.11538461549,-0.8633066419514902,-1.3333333333333333,26.419666017693572,21.31284677471748,20.60206961429915,23.14,,,,,
대구광역시,서구,12,202509,202608,12개월,높음,1876914.0,1871068.6666666667,1924351.3333333333,-2.7688637591125866,-9546.283216783171,-0.4974007578171846,-1.7,28.222563015981528,26.460566232549027,19.56726246472248,25.1,,,,,
대구광역시,수성구,12,202509,202608,12개월,높음,4377370.0,4332250.0,4482993.666666667,-3.362567022735781,-11375.143356643299,-0.25819792242330203,-3.4666666666666663,27.51010996401006,29.825773362351825,14.581373471307616,24.33,,,,,
대구광역시,중구,12,202509,202608,12개월,높음,5988000.0,5937125.0,6282720.666666667,-5.500732644381987,18078.762237762294,0.30222965193614293,3.5,24.944278316958293,37.71010661394977,34.24270931326434,31.56,,,,,
대전광역시,대덕구,2,202607,202608,2개월,낮음,2383780.0,,,,,,,,,,,4.484939017067156,2.5,32.987186409391974,84.15435139573071,58.57
대전광역시,동구,2,202607,202608,2개월,낮음,3681433.0,,,,,,,,,,,3.3556453451352475,-2.8,30.22639845443274,79.80295566502463,55.01
대전광역시,서구,2,202607,202608,2개월,낮음,5630800.0,,,,,,,,,,,3.057254172447943,-0.4,29.496920572907037,81.77339901477832,55.64
대전광역시,유성구,2,202607,202608,2개월,낮음,5464554.0,,,,,,,,,,,3.36969191615192,3.6,30.26073815280807,85.0574712643678,57.66
대전광역시,중구,2,202607,202608,2개월,낮음,4380747.0,,,,,,,,,,,1.6039790425341927,-2.7,25.94409408177479,79.88505747126436,52.91
부산광역시,강서구,12,202509,202608,12개월,높음,3832090.0,3729417.6666666665,3830390.6666666665,-2.636101870200881,-17082.39510489508,-0.44798302758868364,0.39999999999999997,28.38187932555242,27.155795859864206,25.493885230479773,27.15,,,,,
부산광역시,금정구,12,202509,202608,12개월,높음,2485662.0,2462910.3333333335,2774555.0,-11.232239644435468,-19612.881118880967,-0.750369194321509,-0.20000000000000004,18.06638172318857,22.901698777079087,23.800564440263404,21.24,,,,,
부산광역시,기장군,12,202509,202608,12개월,높음,3806236.0,3555316.6666666665,3593368.3333333335,-1.058941448158445,4820.625874125918,0.13529837238879222,-0.5666666666666668,30.2744961005983,35.361646441248084,22.765757290686732,29.55,,,,,
부산광역시,남구,12,202509,202608,12개월,높음,2757646.0,2694652.3333333335,2853366.6666666665,-5.562353243536864,-15541.398601398512,-0.5596377134530529,0.9666666666666667,24.870332649783947,25.584990295089206,27.0931326434619,25.75,,,,,
부산광역시,동구,12,202509,202608,12개월,높음,3385330.0,3308852.3333333335,3203274.6666666665,3.2959292490684633,8636.870629370627,0.26737693644720406,-5.833333333333333,35.50040794795102,37.21978380292106,7.902163687676386,27.74,,,,,
부산광역시,동래구,12,202509,202608,12개월,높음,3647581.0,3562303.3333333335,3638171.6666666665,-2.0853423170887493,4622.566433566533,0.1293279830416973,-2.6333333333333333,29.042799264113206,35.27765246698997,16.933207902163687,27.28,,,,,
부산광역시,부산진구,12,202509,202608,12개월,높음,6288244.0,6136584.0,6342265.333333333,-3.2430263087910283,-48150.60139860128,-0.7524926127366045,-4.566666666666666,27.653560660179455,22.871825624537784,11.47695202257761,21.37,,,,,
부산광역시,북구,12,202509,202608,12개월,높음,2035110.0,2024617.0,2155907.0,-6.089780310560706,-12722.314685314595,-0.6009910147396114,-4.166666666666667,24.237412053558316,25.003214480846626,12.605832549388518,20.98,,,,,
부산광역시,사상구,12,202509,202608,12개월,높음,2470836.0,2410303.0,2566852.0,-6.098871302279991,-19610.68181818185,-0.7848511184929642,0.8000000000000002,24.22650272360731,22.416592415860478,26.622765757290683,24.4,,,,,
부산광역시,사하구,12,202509,202608,12개월,높음,2160648.0,2082526.6666666667,2139856.0,-2.679121087275651,-11682.629370629338,-0.5492138264785282,-1.9333333333333333,28.33025560310343,25.73163796633929,18.90874882408278,24.72,,,,,
부산광역시,서구,12,202509,202608,12개월,높음,1888358.0,1836323.6666666667,1833212.6666666667,0.16970207857317154,-2348.9999999999573,-0.12870454772505757,1.0,31.74888723845885,31.647541181613654,27.187206020696138,30.35,,,,,
부산광역시,수영구,12,202509,202608,12개월,높음,3953106.0,3728435.3333333335,3477506.6666666665,7.215763784780675,16991.43006993009,0.47546460251797595,1.1000000000000003,40.204269707356424,40.14724950930497,27.469426152398867,36.37,,,,,
부산광역시,연제구,12,202509,202608,12개월,높음,2735586.0,2757309.3333333335,2731878.3333333335,0.9308979719082169,-3921.6503496502623,-0.14289798376301438,0.3999999999999999,32.66233402338152,31.447861892391675,25.493885230479773,30.15,,,,,
부산광역시,영도구,12,202509,202608,12개월,높음,1756216.0,1651353.6666666667,1618882.0,2.005808123548643,2970.503496503516,0.18349916820625164,4.866666666666667,33.952242745556546,36.039755718171946,38.09971777986829,35.82,,,,,
부산광역시,중구,12,202509,202608,12개월,높음,3376240.0,3339732.6666666665,3411972.6666666665,-2.117250255424086,-18882.237762237728,-0.5519078318581067,-1.9333333333333336,29.004509247126613,25.693737553929225,18.90874882408278,24.98,,,,,
부산광역시,해운대구,12,202509,202608,12개월,높음,6987718.0,6358720.666666667,5890684.333333333,7.945364355799532,21929.821678321798,0.3573591219636454,-2.2,41.079801619325856,38.485691423775755,18.15616180620884,33.42,,,,,
세종특별자치시,세종특별자치시,2,202607,202608,2개월,낮음,2513284.0,,,,,,,,,,,0.37742118686781956,-3.5,22.94552405685702,79.22824302134647,51.09
울산광역시,남구,2,202607,202608,2개월,낮음,3940125.0,,,,,,,,,,,-0.7935508789563611,-4.8,20.082844795234404,78.16091954022988,49.12
울산광역시,동구,2,202607,202608,2개월,낮음,1173823.0,,,,,,,,,,,-1.1823704317314718,-5.1,19.1322963554138,77.91461412151068,48.52
울산광역시,북구,2,202607,202608,2개월,낮음,2276323.0,,,,,,,,,,,2.9458878139494495,-0.1,29.22466286990908,82.01970443349754,55.62
울산광역시,울주군,2,202607,202608,2개월,낮음,3376208.0,,,,,,,,,,,3.7432537238952457,-6.8,31.173985933154043,76.51888341543514,53.85
울산광역시,중구,2,202607,202608,2개월,낮음,1975918.0,,,,,,,,,,,0.960492969260955,-3.3,24.370961561482154,79.39244663382595,51.88
인천광역시,강화군,12,202509,202608,12개월,높음,1580324.0,1453795.0,1558272.3333333333,-6.704690258463589,-179.41258741251903,-0.01224215295379917,-1.5333333333333332,23.49951065413284,33.285983638170634,20.037629350893692,25.4,,,,,
인천광역시,검단구,2,202607,202608,2개월,낮음,2164138.0,,,,,,,,,,,-2.7555189688788078,,15.286414951254146,,
인천광역시,계양구,2,202607,202608,2개월,낮음,2715402.0,,,,,,,,,,,-0.9925531170149463,0.8,19.596343369168505,82.75862068965517,51.18
인천광역시,남동구,2,202607,202608,2개월,낮음,4902174.0,,,,,,,,,,,2.1386473547716873,0.7,27.251199463671117,82.67651888341544,54.96
인천광역시,동구,2,202607,202608,2개월,낮음,0.0,,,,,,,,,,,,-100.0,,0.0,
인천광역시,미추홀구,2,202607,202608,2개월,낮음,3870468.0,,,,,,,,,,,0.05066552789861104,-3.8,22.14670342240353,78.98193760262726,50.56
인천광역시,부평구,2,202607,202608,2개월,낮음,4163033.0,,,,,,,,,,,-0.41343764442688063,-2.9,21.012108870197594,79.72085385878489,50.37
인천광역시,서구,2,202607,202608,2개월,낮음,0.0,,,,,,,,,,,,-100.0,,0.0,
인천광역시,서해구,2,202607,202608,2개월,낮음,3891878.0,,,,,,,,,,,-0.3428701948240172,,21.184625346396814,,
인천광역시,연수구,2,202607,202608,2개월,낮음,4395212.0,,,,,,,,,,,3.951430179700767,-3.7,31.68291559952752,79.06403940886699,55.37
인천광역시,영종구,2,202607,202608,2개월,낮음,7717591.0,,,,,,,,,,,8.4949832117679,,42.790554644551555,,
인천광역시,옹진군,2,202607,202608,2개월,낮음,891037.0,,,,,,,,,,,26.41619989671473,21.2,86.60261203204644,99.50738916256158,93.06
인천광역시,재물포구,2,202607,202608,2개월,낮음,2513998.0,,,,,,,,,,,5.498162383370723,,35.4642169063297,,
인천광역시,중구,2,202607,202608,2개월,낮음,0.0,,,,,,,,,,,,-100.0,,0.0,
전라남도,강진군,2,202607,202608,2개월,낮음,483984.0,,,,,,,,,,,9.34526230174868,-6.3,44.86923473310355,76.92939244663383,60.9
전라남도,고흥군,2,202607,202608,2개월,낮음,628341.0,,,,,,,,,,,7.918054269810164,-3.2,41.38013456214775,79.47454844006569,60.43
전라남도,곡성군,2,202607,202608,2개월,낮음,439800.0,,,,,,,,,,,9.571976680452439,-3.8,45.42348412057303,78.98193760262726,62.2
전라남도,광양시,2,202607,202608,2개월,낮음,1318810.0,,,,,,,,,,,7.212829021710678,-3.1,39.656068078045834,79.55665024630542,59.61
전라남도,구례군,2,202607,202608,2개월,낮음,647822.0,,,,,,,,,,,25.39258857800962,-3.1,84.10018607369803,79.55665024630542,81.83
전라남도,나주시,2,202607,202608,2개월,낮음,1381440.0,,,,,,,,,,,4.034123770965876,-3.3,31.885076894141417,79.39244663382595,55.64
전라남도,담양군,2,202607,202608,2개월,낮음,1459210.0,,,,,,,,,,,11.827141193059898,-4.9,50.93669222365852,78.07881773399015,64.51
전라남도,목포시,2,202607,202608,2개월,낮음,2469208.0,,,,,,,,,,,7.474437253969995,-2.2,40.295622584097515,80.29556650246306,60.3
전라남도,무안군,2,202607,202608,2개월,낮음,1404214.0,,,,,,,,,,,0.8688918611784345,-4.1,24.147024031200495,78.73563218390805,51.44
전라남도,보성군,2,202607,202608,2개월,낮음,601839.0,,,,,,,,,,,8.226905716700534,-2.9,42.13518471043024,79.72085385878489,60.93
전라남도,순천시,2,202607,202608,2개월,낮음,2314820.0,,,,,,,,,,,5.83659935880437,-1.6,36.29159489357338,80.78817733990148,58.54
전라남도,신안군,2,202607,202608,2개월,낮음,740740.0,,,,,,,,,,,23.27011788826243,0.7,78.91137499589951,82.67651888341544,80.79
전라남도,여수시,2,202607,202608,2개월,낮음,2650770.0,,,,,,,,,,,14.49569578043945,-5.2,57.46051640252357,77.83251231527095,67.65
전라남도,영광군,2,202607,202608,2개월,낮음,642992.0,,,,,,,,,,,12.383289463105312,-1.8,52.29630972907332,80.623973727422,66.46
전라남도,영암군,2,202607,202608,2개월,낮음,914812.0,,,,,,,,,,,6.289692544714748,-1.2,37.39927329576928,81.11658456486043,59.26
전라남도,완도군,2,202607,202608,2개월,낮음,707126.0,,,,,,,,,,,19.53580363783893,-1.9,69.78208466261991,80.54187192118226,75.16
전라남도,장성군,2,202607,202608,2개월,낮음,908537.0,,,,,,,,,,,3.725755020818515,-1.4,31.13120679617455,80.95238095238095,56.04
전라남도,장흥군,2,202607,202608,2개월,낮음,483326.0,,,,,,,,,,,-0.3907489767570308,0.2,21.067575930691994,82.26600985221675,51.67
전라남도,진도군,2,202607,202608,2개월,낮음,509492.0,,,,,,,,,,,13.968075016553033,-10.0,56.17064018526637,73.89162561576354,65.03
전라남도,함평군,2,202607,202608,2개월,낮음,491760.0,,,,,,,,,,,10.176592627112187,1.3,46.90159071445745,83.16912972085386,65.04
전라남도,해남군,2,202607,202608,2개월,낮음,878528.0,,,,,,,,,,,16.589562083124314,-0.9,62.57939824116716,81.36288998357963,71.97
전라남도,화순군,2,202607,202608,2개월,낮음,1133268.0,,,,,,,,,,,1.3201585692292013,-5.2,25.250237236964196,77.83251231527095,51.54
전북특별자치도,고창군,12,202509,202608,12개월,높음,780738.0,754314.0,895215.6666666666,-15.739410279906476,-9087.902097902064,-1.1111120468440085,0.23333333333333328,12.657707606423868,17.826615041825157,25.023518344308552,17.92,,,,,
전북특별자치도,군산시,12,202509,202608,12개월,높음,2493834.0,2250269.0,2325051.0,-3.216359555123737,-9622.251748251756,-0.421709344077762,-0.2666666666666666,27.68556117491553,27.525425203644954,23.612417685794917,26.42,,,,,
전북특별자치도,김제시,12,202509,202608,12개월,높음,1082938.0,1066549.3333333333,1145335.6666666667,-6.878885869557322,-5926.010489510503,-0.5358092431009073,3.9000000000000004,23.290473240381093,25.920219341138324,35.37158984007526,27.7,,,,,
전북특별자치도,남원시,12,202509,202608,12개월,높음,1048558.0,918382.3333333334,947887.3333333334,-3.1127117076502056,7017.779720279744,0.7841232647702732,-4.3,27.809940186767584,44.489590724351416,12.229539040451549,28.14,,,,,
전북특별자치도,무주군,12,202509,202608,12개월,높음,889500.0,727876.0,577288.6666666666,26.085274495832827,1327.0069930070024,0.19132105647598696,-2.3666666666666667,62.84797291568118,36.149797366008144,17.685794920037626,41.29,,,,,
전북특별자치도,부안군,12,202509,202608,12개월,높음,1094194.0,957460.0,924634.6666666666,3.550086809060448,4846.730769230784,0.5310900362925238,-2.3666666666666667,35.805400930797134,40.929811747868094,17.685794920037626,31.91,,,,,
전북특별자치도,순창군,12,202509,202608,12개월,높음,477180.0,419557.0,413859.6666666667,1.3766341086632379,-4096.611888111881,-0.9735824621576661,-1.3666666666666665,33.19722424626336,19.761439677926163,20.50799623706491,25.36,,,,,
전북특별자치도,완주군,12,202509,202608,12개월,높음,2191924.0,2010379.0,1994295.3333333333,0.8064836936555406,1976.2237762237273,0.10100179141473264,-7.733333333333334,32.51303497505053,34.87914756688601,2.539981185324549,24.23,,,,,
전북특별자치도,익산시,12,202509,202608,12개월,높음,2234550.0,2136677.6666666665,2329306.0,-8.26977362928415,-23349.465034965022,-1.031596554549017,-2.766666666666667,21.621386526389134,18.9452727749589,16.556914393226712,19.3,,,,,
전북특별자치도,임실군,12,202509,202608,12개월,높음,739014.0,708485.3333333334,868293.3333333334,-18.40484014618716,-7978.104895104879,-1.0266175291036124,-2.6333333333333333,9.459150752519141,19.015319820600123,16.933207902163687,14.57,,,,,
전북특별자치도,장수군,12,202509,202608,12개월,높음,282898.0,244679.0,223489.0,9.481450988639262,279.78671328671817,0.12274788142145909,-3.466666666666667,42.923129215304535,35.18508080139583,14.581373471307616,32.1,,,,,
전북특별자치도,전주시,12,202509,202608,12개월,높음,6535473.0,6254984.0,6716109.0,-6.865954677031001,-34763.388111887965,-0.5335472652192124,-2.466666666666667,23.30599087039172,25.952041807132098,17.403574788334897,22.33,,,,,
전북특별자치도,전주시+덕진구,12,202509,202608,12개월,높음,3576937.0,3435776.0,3744492.6666666665,-8.244552577572142,-16518.646853146824,-0.46165290410604515,-2.0666666666666664,21.651652176533105,26.96348222844759,18.53245531514581,22.31,,,,,
전북특별자치도,전주시+완산구,12,202509,202608,12개월,높음,3664976.0,3455019.3333333335,3673318.0,-5.942819725018811,-19049.199300699212,-0.5288445383375787,-2.9,24.41376701756823,26.01820176717408,16.18062088428974,22.43,,,,,
전북특별자치도,정읍시,12,202509,202608,12개월,높음,922274.0,890072.0,952385.0,-6.5428371929419304,-23388.818181818147,-2.3782485703927643,-3.866666666666667,23.693736823276875,0.0,13.452492944496703,13.51,,,,,
전북특별자치도,진안군,12,202509,202608,12개월,높음,517055.0,443825.6666666667,450115.0,-1.3972725488671371,2859.741258741257,0.6761731267185668,0.0,29.868493573669696,42.97090231233232,24.36500470366886,32.15,,,,,
제주특별자치도,서귀포시,12,202509,202608,12개월,높음,4099634.0,3727711.0,3755668.0,-0.7443948719641885,-7811.559440559307,-0.20807189132733991,-4.0,30.651956832124615,30.53096766723992,13.076199435559735,25.34,,,,,
제주특별자치도,제주시,12,202509,202608,12개월,높음,5503894.0,5048969.333333333,4872893.666666667,3.6133697698171137,-22985.41608391609,-0.4579609031581863,-5.6000000000000005,35.88134145747325,27.015422866578042,8.560677328316082,25.03,,,,,
충청남도,계룡시,2,202607,202608,2개월,낮음,427707.0,,,,,,,,,,,-0.15360732085954737,-14.7,21.64731691702095,70.03284072249589,45.84
충청남도,공주시,2,202607,202608,2개월,낮음,2505832.0,,,,,,,,,,,8.803987720737972,2.7,43.545978984203835,84.31855500821018,63.93
충청남도,금산군,2,202607,202608,2개월,낮음,945784.0,,,,,,,,,,,8.612678660428625,-5.4,43.07828509509077,77.66830870279145,60.37
충청남도,논산시,2,202607,202608,2개월,낮음,1575812.0,,,,,,,,,,,10.404559075237493,2.0,47.45890104016086,83.74384236453201,65.6
충청남도,당진시,2,202607,202608,2개월,낮음,2007145.0,,,,,,,,,,,10.881207131240277,2.5,48.624164110763246,84.15435139573071,66.39
충청남도,보령시,2,202607,202608,2개월,낮음,1855444.0,,,,,,,,,,,20.820025147993533,-4.1,72.92162521336884,78.73563218390805,75.83
충청남도,부여군,2,202607,202608,2개월,낮음,945896.0,,,,,,,,,,,-9.008390233391243,-6.5,0.0,76.76518883415436,38.38
충청남도,서산시,2,202607,202608,2개월,낮음,1530252.0,,,,,,,,,,,6.305888237419068,-6.0,37.43886695900465,77.17569786535304,57.31
충청남도,서천군,2,202607,202608,2개월,낮음,996874.0,,,,,,,,,,,27.749328494392163,-7.7,89.86171590055856,75.7799671592775,82.82
충청남도,아산시,2,202607,202608,2개월,낮음,3556914.0,,,,,,,,,,,5.52242427982245,-2.1,35.52353004440282,80.3776683087028,57.95
충청남도,예산군,2,202607,202608,2개월,낮음,1390116.0,,,,,,,,,,,7.83039306716187,-5.3,41.16582893164277,77.7504105090312,59.46
충청남도,천안시,2,202607,202608,2개월,낮음,7491908.0,,,,,,,,,,,5.9784939665640255,0.2,36.63848510797294,82.26600985221675,59.45
충청남도,천안시+동남구,2,202607,202608,2개월,낮음,4258401.0,,,,,,,,,,,7.957558269535866,-0.9,41.47671012023873,81.36288998357963,61.42
충청남도,천안시+서북구,2,202607,202608,2개월,낮음,3845692.0,,,,,,,,,,,4.604233301898776,1.8,33.27882553997808,83.57963875205255,58.43
충청남도,청양군,2,202607,202608,2개월,낮음,452596.0,,,,,,,,,,,16.539123090708717,4.9,62.456089870472894,86.12479474548441,74.29
충청남도,태안군,2,202607,202608,2개월,낮음,2084680.0,,,,,,,,,,,26.67297799501494,-5.0,87.23035829371797,77.99671592775042,82.61
충청남도,홍성군,2,202607,202608,2개월,낮음,1112209.0,,,,,,,,,,,5.627501296352927,-5.0,35.78041217240069,77.99671592775042,56.89
충청북도,괴산군,2,202607,202608,2개월,낮음,1220163.0,,,,,,,,,,,12.496611722793748,-4.8,52.57334903014493,78.16091954022988,65.37
충청북도,단양군,2,202607,202608,2개월,낮음,1046661.0,,,,,,,,,,,31.896369217741082,-1.2,100.0,81.11658456486043,90.56
충청북도,보은군,2,202607,202608,2개월,낮음,801899.0,,,,,,,,,,,10.860897671627926,-1.6,48.574513508034215,80.78817733990148,64.68
충청북도,영동군,2,202607,202608,2개월,낮음,641368.0,,,,,,,,,,,12.466244414985026,-1.7,52.49910997284157,80.70607553366173,66.6
충청북도,옥천군,2,202607,202608,2개월,낮음,1091832.0,,,,,,,,,,,7.124902130465241,-2.2,39.441112917753344,80.29556650246306,59.87
충청북도,음성군,2,202607,202608,2개월,낮음,1676230.0,,,,,,,,,,,4.077722227603386,-2.1,31.99166218451477,80.3776683087028,56.18
충청북도,제천시,2,202607,202608,2개월,낮음,1634636.0,,,,,,,,,,,15.008463974986597,-2.7,58.71408249465456,79.88505747126436,69.3
충청북도,증평군,2,202607,202608,2개월,낮음,525357.0,,,,,,,,,,,1.4874714337872375,-1.4,25.659267547380566,80.95238095238095,53.31
충청북도,진천군,2,202607,202608,2개월,낮음,1182758.0,,,,,,,,,,,0.9294578049026083,-2.4,24.295089793074805,80.13136288998358,52.21
충청북도,청주시,2,202607,202608,2개월,낮음,10027619.0,,,,,,,,,,,2.6003967884487293,-2.6,28.380039823259786,79.96715927750411,54.17
충청북도,청주시+상당구,2,202607,202608,2개월,낮음,2712374.0,,,,,,,,,,,3.308147192287389,-0.5,30.1102795639046,81.6912972085386,55.9
충청북도,청주시+서원구,2,202607,202608,2개월,낮음,2674004.0,,,,,,,,,,,4.693257826925155,-3.6,33.496464089185864,79.14614121510674,56.32
충청북도,청주시+청원구,2,202607,202608,2개월,낮음,2587350.0,,,,,,,,,,,3.350879701788963,-2.6,30.214747870465906,79.96715927750411,55.09
충청북도,청주시+흥덕구,2,202607,202608,2개월,낮음,3663296.0,,,,,,,,,,,1.7071426350321839,-2.8,26.1962984557456,79.80295566502463,53.0
충청북도,충주시,2,202607,202608,2개월,낮음,2859122.0,,,,,,,,,,,11.38332656127711,-4.2,49.85169713326324,78.65353037766832,64.25
