market_id,사용가능상품권,공중화장실보유여부,주차장보유여부
MKT000001,,Y,Y
MKT000002,,Y,Y
MKT000003,,Y,Y
MKT000004,,Y,Y
MKT000005,,Y,Y
MKT000006,,Y,Y
MKT000007,,Y,Y
MKT000008,,Y,Y
MKT000009,,Y,Y
MKT000010,,Y,Y
MKT000011,,Y,Y
MKT000012,,Y,Y
MKT000013,,Y,Y
MKT000014,,Y,Y
MKT000015,,Y,Y
MKT000016,,Y,Y
MKT000017,,Y,Y
MKT000018,,Y,Y
MKT000019,,Y,Y
MKT000020,,Y,Y
MKT000021,,Y,Y
MKT000022,,Y,Y
MKT000023,,Y,N
MKT000024,,Y,Y
MKT000025,,Y,Y
MKT000026,,Y,Y
MKT000027,,Y,Y
MKT000028,,Y,Y
MKT000029,,Y,Y
MKT000030,,Y,Y
MKT000031,,Y,Y
MKT000032,,Y,Y
MKT000033,,Y,Y
MKT000034,,N,N
MKT000035,,Y,Y
MKT000036,,Y,Y
MKT000037,,Y,Y
MKT000038,,Y,Y
MKT000039,,Y,Y
MKT000040,,Y,N
MKT000041,,Y,Y
MKT000042,,Y,Y
MKT000043,,Y,Y
MKT000044,,Y,Y
MKT000045,,Y,Y
MKT000046,,Y,Y
MKT000047,,Y,Y
MKT000048,,Y,Y
MKT000049,,Y,Y
MKT000050,,Y,Y
MKT000051,,Y,Y
MKT000052,,Y,Y
MKT000053,,Y,Y
MKT000054,,Y,Y
MKT000055,,Y,Y
MKT000056,,Y,Y
MKT000057,,Y,N
MKT000058,,Y,Y
MKT000059,,Y,Y
MKT000060,,Y,Y
MKT000061,,Y,Y
MKT000062,,Y,Y
MKT000063,,Y,Y
MKT000064,,Y,Y
MKT000065,,Y,Y
MKT000066,,Y,Y
MKT000067,,Y,Y
MKT000068,,Y,Y
MKT000069,,Y,Y
MKT000070,,Y,Y
MKT000071,,Y,Y
MKT000072,,Y,Y
MKT000073,,Y,Y
MKT000074,,Y,Y
MKT000075,,Y,Y
MKT000076,,Y,Y
MKT000077,,Y,Y
MKT000078,,Y,Y
MKT000079,,Y,Y
MKT000080,,Y,Y
MKT000081,,Y,Y
MKT000082,,Y,Y
MKT000083,,Y,Y
MKT000084,,Y,Y
MKT000085,,N,N
MKT000086,,Y,Y
MKT000087,,Y,Y
MKT000088,,Y,Y
MKT000089,,N,N
MKT000090,,Y,Y
MKT000091,,Y,Y
MKT000092,,Y,Y
MKT000093,,Y,Y
MKT000094,,Y,N
MKT000095,,N,Y
MKT000096,,Y,N
MKT000097,,Y,Y
MKT000098,,Y,Y
MKT000099,,Y,Y
MKT000100,,Y,Y
MKT000101,,Y,Y
MKT000102,,N,Y
MKT000103,,Y,Y
MKT000104,,Y,Y
MKT000105,,Y,Y
MKT000106,,Y,Y
MKT000107,,Y,Y
MKT000108,,Y,Y
MKT000109,,Y,Y
MKT000110,,Y,Y
MKT000111,,Y,Y
MKT000112,,Y,Y
MKT000113,,Y,Y
MKT000114,,Y,Y
MKT000115,,Y,Y
MKT000116,,Y,Y
MKT000117,,Y,Y
MKT000118,,Y,Y
MKT000119,,Y,Y
MKT000120,,Y,Y
MKT000121,,Y,Y
MKT000122,,Y,Y
MKT000123,,Y,Y
MKT000124,,Y,Y
MKT000125,,Y,Y
MKT000126,,Y,Y
MKT000127,,Y,Y
MKT000128,,Y,Y
MKT000129,,Y,Y
MKT000130,,N,Y
MKT000131,,Y,Y
MKT000132,,Y,Y
MKT000133,,Y,Y
MKT000134,,Y,Y
MKT000135,,Y,Y
MKT000136,,Y,Y
MKT000137,,Y,Y
MKT000138,,Y,Y
MKT000139,,Y,Y
MKT000140,,Y,Y
MKT000141,,Y,Y
MKT000142,,Y,Y
MKT000143,,Y,Y
MKT000144,,Y,Y
MKT000145,,Y,N
MKT000146,,Y,Y
MKT000147,,Y,Y
MKT000148,,Y,Y
MKT000149,,Y,Y
MKT000150,,Y,Y
MKT000151,,Y,Y
MKT000152,,Y,Y
MKT000153,,Y,Y
MKT000154,,Y,Y
MKT000155,,N,Y
MKT000156,,Y,Y
MKT000157,,Y,N
MKT000158,,Y,N
MKT000159,,N,N
MKT000160,,N,Y
MKT000161,,N,N
MKT000162,,Y,Y
MKT000163,,Y,Y
MKT000164,,Y,N
MKT000165,,Y,N
MKT000166,,Y,Y
MKT000167,,Y,Y
MKT000168,,Y,N
MKT000169,,Y,Y
MKT000170,,Y,Y
MKT000171,,Y,Y
MKT000172,,Y,Y
MKT000173,,Y,Y
MKT000174,,Y,N
MKT000175,,Y,Y
MKT000176,,Y,N
MKT000177,,N,N
MKT000178,,Y,N
MKT000179,,Y,Y
MKT000180,,Y,Y
MKT000181,,Y,Y
MKT000182,,Y,Y
MKT000183,,Y,Y
MKT000184,,Y,Y
MKT000185,,Y,Y
MKT000186,,Y,Y
MKT000187,,Y,Y
MKT000188,,Y,Y
MKT000189,,N,Y
MKT000190,,Y,Y
MKT000191,,Y,Y
MKT000192,,Y,Y
MKT000193,,Y,Y
MKT000194,,Y,Y
MKT000195,,Y,Y
MKT000196,,Y,N
MKT000197,,Y,Y
MKT000198,,Y,Y
MKT000199,,Y,Y
MKT000200,,Y,Y
MKT000201,,Y,Y
MKT000202,,Y,Y
MKT000203,,Y,Y
MKT000204,,Y,Y
MKT000205,,N,Y
MKT000206,,Y,Y
MKT000207,,Y,Y
MKT000208,,Y,Y
MKT000209,,Y,Y
MKT000210,,Y,Y
MKT000211,,Y,Y
MKT000212,,N,N
MKT000213,,Y,Y
MKT000214,,Y,Y
MKT000215,,Y,Y
MKT000216,,Y,Y
MKT000217,,Y,Y
MKT000218,,Y,N
MKT000219,,Y,Y
MKT000220,,Y,N
MKT000221,,Y,Y
MKT000222,,Y,Y
MKT000223,,Y,Y
MKT000224,,Y,Y
MKT000225,,Y,N
MKT000226,,Y,Y
MKT000227,,Y,Y
MKT000228,,Y,Y
MKT000229,,Y,Y
MKT000230,,Y,Y
MKT000231,,Y,Y
MKT000232,,Y,Y
MKT000233,,Y,Y
MKT000234,,Y,Y
MKT000235,,Y,Y
MKT000236,,Y,Y
MKT000237,,Y,Y
MKT000238,,Y,Y
MKT000239,,N,Y
MKT000240,,Y,Y
MKT000241,,Y,Y
MKT000242,,Y,Y
MKT000243,,Y,Y
MKT000244,,Y,Y
MKT000245,,Y,Y
MKT000246,,Y,Y
MKT000247,,Y,Y
MKT000248,,Y,Y
MKT000249,,Y,Y
MKT000250,,Y,N
MKT000251,,Y,Y
MKT000252,,Y,Y
MKT000253,,Y,Y
MKT000254,,Y,N
MKT000255,,Y,Y
MKT000256,,Y,Y
MKT000257,,Y,N
MKT000258,,Y,Y
MKT000259,,Y,Y
MKT000260,,Y,Y
MKT000261,,Y,Y
MKT000262,,N,N
MKT000263,,Y,Y
MKT000264,,Y,Y
MKT000265,,Y,Y
MKT000266,,Y,Y
MKT000267,,N,Y
MKT000268,,N,N
MKT000269,,Y,Y
MKT000270,,Y,Y
MKT000271,,Y,Y
MKT000272,,Y,Y
MKT000273,,Y,Y
MKT000274,,Y,Y
MKT000275,,Y,Y
MKT000276,,Y,Y
MKT000277,,Y,Y
MKT000278,,Y,Y
MKT000279,,Y,Y
MKT000280,,Y,N
MKT000281,,Y,Y
MKT000282,,N,Y
MKT000283,,Y,N
MKT000284,,Y,Y
MKT000285,,Y,Y
MKT000286,,Y,Y
MKT000287,,Y,Y
MKT000288,,Y,Y
MKT000289,,Y,Y
MKT000290,,Y,Y
MKT000291,,Y,N
MKT000292,,Y,Y
MKT000293,,Y,Y
MKT000294,,Y,Y
MKT000295,,Y,Y
MKT000296,,Y,Y
MKT000297,,Y,Y
MKT000298,,Y,Y
MKT000299,,Y,Y
MKT000300,,Y,Y
MKT000301,,Y,Y
MKT000302,,Y,Y
MKT000303,,Y,Y
MKT000304,,Y,Y
MKT000305,,Y,Y
MKT000306,,Y,Y
MKT000307,,Y,Y
MKT000308,,Y,Y
MKT000309,,Y,Y
MKT000310,,Y,Y
MKT000311,,Y,Y
MKT000312,,Y,Y
MKT000313,,Y,Y
MKT000314,,Y,Y
MKT000315,,Y,Y
MKT000316,,Y,Y
MKT000317,,Y,Y
MKT000318,,Y,Y
MKT000319,,Y,Y
MKT000320,,Y,Y
MKT000321,,Y,Y
MKT000322,,Y,Y
MKT000323,,Y,Y
MKT000324,,Y,Y
MKT000325,,Y,Y
MKT000326,,Y,Y
MKT000327,,Y,Y
MKT000328,,Y,Y
MKT000329,,Y,Y
MKT000330,,Y,Y
MKT000331,,Y,Y
MKT000332,,Y,Y
MKT000333,,Y,Y
MKT000334,,Y,Y
MKT000335,,Y,Y
MKT000336,,Y,Y
MKT000337,,Y,Y
MKT000338,,Y,Y
MKT000339,,Y,Y
MKT000340,,Y,Y
MKT000341,,Y,Y
MKT000342,,Y,Y
MKT000343,,Y,Y
MKT000344,,Y,Y
MKT000345,,Y,N
MKT000346,,Y,Y
MKT000347,,Y,N
MKT000348,,Y,Y
MKT000349,,Y,N
MKT000350,,Y,Y
MKT000351,,Y,Y
MKT000352,,Y,Y
MKT000353,,Y,Y
MKT000354,,Y,Y
MKT000355,,Y,Y
MKT000356,,Y,Y
MKT000357,,Y,Y
MKT000358,,Y,Y
MKT000359,,Y,Y
MKT000360,,Y,Y
MKT000361,,Y,Y
MKT000362,,Y,Y
MKT000363,,Y,Y
MKT000364,,Y,Y
MKT000365,,Y,Y
MKT000366,,Y,Y
MKT000367,,Y,Y
MKT000368,,Y,Y
MKT000369,,Y,Y
MKT000370,,Y,Y
MKT000371,,Y,Y
MKT000372,,Y,N
MKT000373,,Y,Y
MKT000374,,Y,Y
MKT000375,,Y,Y
MKT000376,,Y,Y
MKT000377,,Y,Y
MKT000378,,N,N
MKT000379,,Y,Y
MKT000380,,Y,Y
MKT000381,,Y,Y
MKT000382,,Y,Y
MKT000383,,N,N
MKT000384,,Y,Y
MKT000385,,Y,Y
MKT000386,,Y,Y
MKT000387,,Y,Y
MKT000388,,Y,Y
MKT000389,,Y,Y
MKT000390,,Y,Y
MKT000391,,Y,Y
MKT000392,,Y,Y
MKT000393,,Y,Y
MKT000394,,Y,Y
MKT000395,,Y,Y
MKT000396,,Y,Y
MKT000397,,Y,Y
MKT000398,,Y,Y
MKT000399,,Y,N
MKT000400,,N,N
MKT000401,,Y,Y
MKT000402,,Y,Y
MKT000403,,Y,Y
MKT000404,,Y,Y
MKT000405,,Y,Y
MKT000406,,Y,Y
MKT000407,,Y,Y
MKT000408,,Y,Y
MKT000409,,Y,Y
MKT000410,,Y,Y
MKT000411,,Y,Y
MKT000412,,Y,Y
MKT000413,,Y,Y
MKT000414,,Y,N
MKT000415,,Y,Y
MKT000416,,Y,Y
MKT000417,,Y,Y
MKT000418,,Y,N
MKT000419,,Y,Y
MKT000420,,Y,Y
MKT000421,,Y,Y
MKT000422,,Y,Y
MKT000423,,Y,Y
MKT000424,,Y,Y
MKT000425,,Y,Y
MKT000426,,Y,Y
MKT000427,,Y,Y
MKT000428,,Y,Y
MKT000429,,Y,Y
MKT000430,,Y,Y
MKT000431,,Y,Y
MKT000432,,Y,Y
MKT000433,,Y,Y
MKT000434,,Y,Y
MKT000435,,Y,Y
MKT000436,,Y,Y
MKT000437,,Y,Y
MKT000438,,Y,Y
MKT000439,,Y,Y
MKT000440,,Y,Y
MKT000441,,Y,Y
MKT000442,,Y,Y
MKT000443,,Y,Y
MKT000444,,Y,Y
MKT000445,,Y,Y
MKT000446,,Y,Y
MKT000447,,Y,Y
MKT000448,,Y,Y
MKT000449,,Y,Y
MKT000450,,Y,Y
MKT000451,,Y,Y
MKT000452,,Y,Y
MKT000453,,Y,N
MKT000454,,Y,Y
MKT000455,,Y,Y
MKT000456,,Y,Y
MKT000457,,Y,Y
MKT000458,,Y,Y
MKT000459,,Y,Y
MKT000460,,Y,Y
MKT000461,,Y,Y
MKT000462,,Y,Y
MKT000463,,Y,Y
MKT000464,,Y,Y
MKT000465,,Y,Y
MKT000466,,Y,Y
MKT000467,,Y,Y
MKT000468,,Y,Y
MKT000469,,Y,Y
MKT000470,,Y,Y
MKT000471,,Y,Y
MKT000472,,Y,Y
MKT000473,,Y,Y
MKT000474,,Y,Y
MKT000475,,Y,Y
MKT000476,,Y,N
MKT000477,,Y,Y
MKT000478,,Y,Y
MKT000479,,Y,Y
MKT000480,,Y,Y
MKT000481,,Y,Y
MKT000482,,Y,N
MKT000483,,Y,Y
MKT000484,,Y,Y
MKT000485,,Y,Y
MKT000486,,Y,Y
MKT000487,,Y,Y
MKT000488,,Y,Y
MKT000489,,Y,Y
MKT000490,,Y,Y
MKT000491,,Y,Y
MKT000492,,Y,Y
MKT000493,,Y,Y
MKT000494,,Y,Y
MKT000495,,Y,Y
MKT000496,,Y,Y
MKT000497,,Y,Y
MKT000498,,Y,Y
MKT000499,,Y,Y
MKT000500,,Y,Y
MKT000501,,Y,Y
MKT000502,,N,N
MKT000503,,Y,Y
MKT000504,,Y,Y
MKT000505,,Y,Y
MKT000506,,Y,Y
MKT000507,,Y,N
MKT000508,,Y,Y
MKT000509,,Y,Y
MKT000510,,Y,Y
MKT000511,,Y,Y
MKT000512,,Y,Y
MKT000513,,N,N
MKT000514,,Y,Y
MKT000515,,Y,Y
MKT000516,,Y,N
MKT000517,,Y,Y
MKT000518,,Y,N
MKT000519,,Y,Y
MKT000520,,Y,Y
MKT000521,,Y,Y
MKT000522,,Y,Y
MKT000523,,Y,Y
MKT000524,,Y,Y
MKT000525,,Y,Y
MKT000526,,Y,Y
MKT000527,,Y,Y
MKT000528,,Y,Y
MKT000529,,Y,Y
MKT000530,,Y,Y
MKT000531,,Y,Y
MKT000532,,Y,Y
MKT000533,,Y,Y
MKT000534,,Y,Y
MKT000535,,Y,Y
MKT000536,,Y,Y
MKT000537,,Y,Y
MKT000538,,Y,Y
MKT000539,,Y,Y
MKT000540,,Y,Y
MKT000541,,Y,Y
MKT000542,,Y,N
MKT000543,,Y,N
MKT000544,,Y,Y
MKT000545,,Y,Y
MKT000546,,Y,Y
MKT000547,,Y,Y
MKT000548,,Y,Y
MKT000549,,Y,Y
MKT000550,,Y,Y
MKT000551,,Y,N
MKT000552,,Y,N
MKT000553,,Y,Y
MKT000554,,Y,Y
MKT000555,,Y,Y
MKT000556,,N,N
MKT000557,,Y,Y
MKT000558,,Y,Y
MKT000559,,Y,Y
MKT000560,,Y,Y
MKT000561,,N,Y
MKT000562,,Y,Y
MKT000563,,Y,Y
MKT000564,,N,Y
MKT000565,,Y,Y
MKT000566,,Y,N
MKT000567,,Y,Y
MKT000568,,Y,Y
MKT000569,,Y,Y
MKT000570,,Y,Y
MKT000571,,Y,Y
MKT000572,,Y,Y
MKT000573,,Y,N
MKT000574,,Y,N
MKT000575,,Y,N
MKT000576,,Y,Y
MKT000577,,Y,N
MKT000578,,Y,Y
MKT000579,,Y,N
MKT000580,,Y,N
MKT000581,,Y,Y
MKT000582,,Y,Y
MKT000583,,Y,Y
MKT000584,,Y,N
MKT000585,,Y,Y
MKT000586,,Y,Y
MKT000587,,Y,Y
MKT000588,,Y,Y
MKT000589,,Y,Y
MKT000590,,Y,N
MKT000591,,Y,Y
MKT000592,,Y,Y
MKT000593,,Y,Y
MKT000594,,Y,Y
MKT000595,,Y,Y
MKT000596,,N,Y
MKT000597,,Y,Y
MKT000598,,Y,Y
MKT000599,,Y,Y
MKT000600,,Y,Y
MKT000601,,Y,Y
MKT000602,,Y,Y
MKT000603,,Y,N
MKT000604,,Y,N
MKT000605,,Y,Y
MKT000606,,N,N
MKT000607,,N,N
MKT000608,,Y,Y
MKT000609,,Y,Y
MKT000610,,Y,Y
MKT000611,,Y,Y
MKT000612,,Y,Y
MKT000613,,Y,Y
MKT000614,,Y,Y
MKT000615,,Y,Y
MKT000616,,Y,N
MKT000617,,Y,Y
MKT000618,,Y,N
MKT000619,,Y,Y
MKT000620,,Y,N
MKT000621,,N,N
MKT000622,,Y,Y
MKT000623,,Y,Y
MKT000624,,Y,Y
MKT000625,,Y,Y
MKT000626,,Y,Y
MKT000627,,Y,Y
MKT000628,,Y,Y
MKT000629,,Y,Y
MKT000630,,Y,N
MKT000631,,Y,Y
MKT000632,,Y,Y
MKT000633,,Y,N
MKT000634,,Y,N
MKT000635,,Y,N
MKT000636,,Y,Y
MKT000637,,Y,Y
MKT000638,,Y,Y
MKT000639,,N,Y
MKT000640,,Y,Y
MKT000641,,Y,Y
MKT000642,,N,N
MKT000643,,Y,Y
MKT000644,,Y,Y
MKT000645,,Y,Y
MKT000646,,Y,Y
MKT000647,,Y,Y
MKT000648,,Y,Y
MKT000649,,Y,N
MKT000650,,Y,Y
MKT000651,,Y,N
MKT000652,,Y,N
MKT000653,,Y,Y
MKT000654,,N,N
MKT000655,,Y,N
MKT000656,,Y,Y
MKT000657,,Y,Y
MKT000658,,Y,N
MKT000659,,Y,Y
MKT000660,,Y,Y
MKT000661,,Y,Y
MKT000662,,Y,Y
MKT000663,,Y,Y
MKT000664,,Y,Y
MKT000665,,Y,N
MKT000666,,Y,Y
MKT000667,,N,N
MKT000668,,Y,Y
MKT000669,,Y,N
MKT000670,,Y,Y
MKT000671,,Y,Y
MKT000672,,Y,Y
MKT000673,,Y,Y
MKT000674,,Y,Y
MKT000675,,Y,Y
MKT000676,,Y,N
MKT000677,,Y,Y
MKT000678,,Y,Y
MKT000679,,Y,Y
MKT000680,,Y,Y
MKT000681,,Y,Y
MKT000682,,Y,Y
MKT000683,,Y,N
MKT000684,,Y,N
MKT000685,,Y,Y
MKT000686,,Y,Y
MKT000687,,Y,Y
MKT000688,,Y,Y
MKT000689,,Y,Y
MKT000690,,Y,N
MKT000691,,Y,Y
MKT000692,,Y,Y
MKT000693,,Y,N
MKT000694,,Y,Y
MKT000695,,Y,N
MKT000696,,Y,N
MKT000697,,Y,Y
MKT000698,,Y,N
MKT000699,,Y,N
MKT000700,,Y,N
MKT000701,,Y,Y
MKT000702,,Y,N
MKT000703,,Y,Y
MKT000704,,N,N
MKT000705,,Y,N
MKT000706,,Y,Y
MKT000707,,Y,Y
MKT000708,,Y,N
MKT000709,,Y,N
MKT000710,,Y,Y
MKT000711,,Y,Y
MKT000712,,Y,N
MKT000713,,Y,Y
MKT000714,,Y,N
MKT000715,,Y,Y
MKT000716,,Y,Y
MKT000717,,Y,Y
MKT000718,,Y,Y
MKT000719,,Y,Y
MKT000720,,Y,Y
MKT000721,,Y,N
MKT000722,,Y,Y
MKT000723,,Y,Y
MKT000724,,Y,Y
MKT000725,,Y,Y
MKT000726,,Y,Y
MKT000727,,Y,Y
MKT000728,,Y,Y
MKT000729,,Y,N
MKT000730,,Y,N
MKT000731,,Y,N
MKT000732,,Y,Y
MKT000733,,Y,N
MKT000734,,Y,Y
MKT000735,,Y,Y
MKT000736,,Y,N
MKT000737,,Y,N
MKT000738,,Y,Y
MKT000739,,Y,Y
MKT000740,,Y,Y
MKT000741,,Y,Y
MKT000742,,Y,Y
MKT000743,,Y,N
MKT000744,,Y,Y
MKT000745,,Y,Y
MKT000746,,Y,Y
MKT000747,,Y,Y
MKT000748,,Y,Y
MKT000749,,Y,N
MKT000750,,Y,Y
MKT000751,,Y,Y
MKT000752,,Y,Y
MKT000753,,Y,Y
MKT000754,,N,N
MKT000755,,Y,Y
MKT000756,,Y,Y
MKT000757,,Y,N
MKT000758,,Y,Y
MKT000759,,Y,Y
MKT000760,,Y,Y
MKT000761,,Y,N
MKT000762,,Y,N
MKT000763,,N,N
MKT000764,,Y,N
MKT000765,,Y,N
MKT000766,,Y,Y
MKT000767,,Y,Y
MKT000768,,Y,Y
MKT000769,,Y,N
MKT000770,,Y,Y
MKT000771,,Y,Y
MKT000772,,Y,Y
MKT000773,,Y,Y
MKT000774,,Y,Y
MKT000775,,Y,Y
MKT000776,,Y,N
MKT000777,,Y,N
MKT000778,,Y,Y
MKT000779,,Y,N
MKT000780,,Y,Y
MKT000781,,Y,Y
MKT000782,,Y,Y
MKT000783,,Y,Y
MKT000784,,Y,Y
MKT000785,,Y,N
MKT000786,,Y,Y
MKT000787,,Y,Y
MKT000788,,Y,Y
MKT000789,,Y,Y
MKT000790,,Y,Y
MKT000791,,Y,Y
MKT000792,,Y,Y
MKT000793,,Y,Y
MKT000794,,Y,Y
MKT000795,,Y,Y
MKT000796,,Y,Y
MKT000797,,Y,Y
MKT000798,,N,N
MKT000799,,Y,Y
MKT000800,,Y,Y
MKT000801,,Y,Y
MKT000802,,Y,Y
MKT000803,,Y,Y
MKT000804,,Y,Y
MKT000805,,Y,N
MKT000806,,Y,Y
MKT000807,,Y,Y
MKT000808,,Y,Y
MKT000809,,Y,Y
MKT000810,,Y,Y
MKT000811,,Y,Y
MKT000812,,Y,Y
MKT000813,,Y,Y
MKT000814,,Y,Y
MKT000815,,Y,Y
MKT000816,,Y,Y
MKT000817,,Y,Y
MKT000818,,Y,Y
MKT000819,,Y,Y
MKT000820,,Y,Y
MKT000821,,Y,Y
MKT000822,,Y,Y
MKT000823,,Y,Y
MKT000824,,Y,Y
MKT000825,,Y,N
MKT000826,,Y,Y
MKT000827,,Y,Y
MKT000828,,Y,Y
MKT000829,,Y,Y
MKT000830,,Y,Y
MKT000831,,Y,Y
MKT000832,,Y,Y
MKT000833,,Y,Y
MKT000834,,Y,Y
MKT000835,,Y,Y
MKT000836,,Y,Y
MKT000837,,Y,Y
MKT000838,,Y,Y
MKT000839,,Y,Y
MKT000840,,Y,N
MKT000841,,Y,N
MKT000842,,Y,Y
MKT000843,,Y,Y
MKT000844,,Y,Y
MKT000845,,N,N
MKT000846,,Y,Y
MKT000847,,Y,Y
MKT000848,,Y,Y
MKT000849,,N,N
MKT000850,,N,N
MKT000851,,Y,N
MKT000852,,Y,N
MKT000853,,Y,Y
MKT000854,,Y,Y
MKT000855,,Y,N
MKT000856,,Y,Y
MKT000857,,Y,N
MKT000858,,Y,N
MKT000859,,Y,Y
MKT000860,,Y,Y
MKT000861,,Y,Y
MKT000862,,Y,Y
MKT000863,,Y,Y
MKT000864,,Y,Y
MKT000865,,N,N
MKT000866,,Y,Y
MKT000867,,Y,Y
MKT000868,,Y,Y
MKT000869,,N,Y
MKT000870,,Y,Y
MKT000871,,Y,Y
MKT000872,,N,N
MKT000873,,Y,Y
MKT000874,,Y,N
MKT000875,,Y,N
MKT000876,,Y,Y
MKT000877,,Y,N
MKT000878,,Y,Y
MKT000879,,Y,Y
MKT000880,,Y,N
MKT000881,,Y,Y
MKT000882,,Y,Y
MKT000883,,Y,Y
MKT000884,,Y,N
MKT000885,,Y,Y
MKT000886,,Y,Y
MKT000887,,Y,Y
MKT000888,,N,Y
MKT000889,,Y,Y
MKT000890,,Y,Y
MKT000891,,Y,N
MKT000892,,Y,Y
MKT000893,,Y,Y
MKT000894,,Y,Y
MKT000895,,Y,N
MKT000896,,Y,Y
MKT000897,,Y,Y
MKT000898,,Y,Y
MKT000899,,Y,Y
MKT000900,,Y,Y
MKT000901,,Y,N
MKT000902,,Y,Y
MKT000903,,Y,Y
MKT000904,,Y,Y
MKT000905,,Y,Y
MKT000906,,Y,Y
MKT000907,,Y,Y
MKT000908,,Y,Y
MKT000909,,Y,Y
MKT000910,,Y,Y
MKT000911,,Y,Y
MKT000912,,Y,N
MKT000913,,Y,Y
MKT000914,,Y,N
MKT000915,,Y,Y
MKT000916,,Y,Y
MKT000917,,Y,Y
MKT000918,,Y,Y
MKT000919,,Y,Y
MKT000920,,Y,Y
MKT000921,,Y,Y
MKT000922,,Y,Y
MKT000923,,Y,Y
MKT000924,,Y,Y
MKT000925,,Y,Y
MKT000926,,Y,N
MKT000927,,Y,Y
MKT000928,,Y,Y
MKT000929,,Y,N
MKT000930,,Y,Y
MKT000931,,Y,N
MKT000932,,Y,N
MKT000933,,Y,N
MKT000934,,Y,N
MKT000935,,Y,N
MKT000936,,Y,Y
MKT000937,,Y,N
MKT000938,,Y,N
MKT000939,,Y,Y
MKT000940,,Y,Y
MKT000941,,Y,Y
MKT000942,,Y,Y
MKT000943,,N,N
MKT000944,,Y,N
MKT000945,,Y,Y
MKT000946,,Y,Y
MKT000947,,Y,Y
MKT000948,,Y,Y
MKT000949,,Y,Y
MKT000950,,Y,Y
MKT000951,,Y,Y
MKT000952,,Y,Y
MKT000953,,Y,Y
MKT000954,,Y,N
MKT000955,,Y,Y
MKT000956,,Y,Y
MKT000957,,Y,Y
MKT000958,,Y,Y
MKT000959,,Y,Y
MKT000960,,Y,Y
MKT000961,,Y,Y
MKT000962,,Y,Y
MKT000963,,Y,Y
MKT000964,,Y,Y
MKT000965,,Y,Y
MKT000966,,Y,N
MKT000967,,Y,Y
MKT000968,,Y,N
MKT000969,,Y,N
MKT000970,,Y,N
MKT000971,,N,N
MKT000972,,Y,Y
MKT000973,,Y,N
MKT000974,,Y,Y
MKT000975,,Y,Y
MKT000976,,Y,Y
MKT000977,,Y,Y
MKT000978,,Y,N
MKT000979,,Y,Y
MKT000980,,Y,Y
MKT000981,,Y,N
MKT000982,,Y,Y
MKT000983,,Y,Y
MKT000984,,Y,Y
MKT000985,,Y,N
MKT000986,,Y,N
MKT000987,,Y,N
MKT000988,,Y,Y
MKT000989,,N,N
MKT000990,,N,N
MKT000991,,Y,Y
MKT000992,,Y,N
MKT000993,,Y,Y
MKT000994,,Y,Y
MKT000995,,Y,N
MKT000996,,Y,Y
MKT000997,,Y,Y
MKT000998,,Y,Y
MKT000999,,Y,Y
MKT001000,,Y,Y
MKT001001,,N,N
MKT001002,,Y,Y
MKT001003,,N,N
MKT001004,,Y,Y
MKT001005,,Y,N
MKT001006,,Y,N
MKT001007,,Y,N
MKT001008,,Y,Y
MKT001009,,Y,Y
MKT001010,,Y,Y
MKT001011,,Y,Y
MKT001012,,Y,N
MKT001013,,Y,Y
MKT001014,,Y,Y
MKT001015,,Y,Y
MKT001016,,Y,N
MKT001017,,Y,Y
MKT001018,,Y,Y
MKT001019,,Y,Y
MKT001020,,Y,Y
MKT001021,,Y,Y
MKT001022,,N,N
MKT001023,,N,Y
MKT001024,,Y,Y
MKT001025,,Y,Y
MKT001026,,Y,N
MKT001027,,N,N
MKT001028,,Y,Y
MKT001029,,Y,Y
MKT001030,,Y,Y
MKT001031,,Y,Y
MKT001032,,Y,Y
MKT001033,,Y,N
MKT001034,,Y,N
MKT001035,,Y,N
MKT001036,,Y,Y
MKT001037,,Y,Y
MKT001038,,Y,Y
MKT001039,,Y,N
MKT001040,,Y,Y
MKT001041,,Y,Y
MKT001042,,Y,N
MKT001043,,Y,Y
MKT001044,,Y,Y
MKT001045,,Y,Y
MKT001046,,Y,Y
MKT001047,,Y,Y
MKT001048,,Y,Y
MKT001049,,Y,N
MKT001050,,Y,Y
MKT001051,,N,N
MKT001052,,Y,N
MKT001053,,N,N
MKT001054,,Y,N
MKT001055,,Y,N
MKT001056,,Y,Y
MKT001057,,N,N
MKT001058,,Y,Y
MKT001059,,Y,Y
MKT001060,,N,Y
MKT001061,,Y,Y
MKT001062,,N,N
MKT001063,,Y,Y
MKT001064,,Y,N
MKT001065,,Y,Y
MKT001066,,Y,Y
MKT001067,,Y,Y
MKT001068,,Y,Y
MKT001069,,N,N
MKT001070,,Y,Y
MKT001071,,Y,N
MKT001072,,Y,Y
MKT001073,,Y,Y
MKT001074,,Y,Y
MKT001075,,N,N
MKT001076,,Y,Y
MKT001077,,Y,N
MKT001078,,Y,N
MKT001079,,Y,Y
MKT001080,,Y,Y
MKT001081,,Y,N
MKT001082,,Y,Y
MKT001083,,Y,Y
MKT001084,,Y,Y
MKT001085,,Y,Y
MKT001086,,Y,N
MKT001087,,Y,Y
MKT001088,,Y,Y
MKT001089,,Y,Y
MKT001090,,Y,Y
MKT001091,,Y,Y
MKT001092,,Y,Y
MKT001093,,Y,Y
MKT001094,,Y,Y
MKT001095,,Y,Y
MKT001096,,Y,Y
MKT001097,,Y,Y
MKT001098,,Y,N
MKT001099,,Y,Y
MKT001100,,Y,Y
MKT001101,,Y,Y
MKT001102,,Y,Y
MKT001103,,Y,Y
MKT001104,,Y,Y
MKT001105,,Y,Y
MKT001106,,Y,Y
MKT001107,,Y,Y
MKT001108,,Y,Y
MKT001109,,Y,N
MKT001110,,Y,Y
MKT001111,,Y,Y
MKT001112,,Y,N
MKT001113,,Y,Y
MKT001114,,Y,Y
MKT001115,,Y,Y
MKT001116,,Y,Y
MKT001117,,Y,Y
MKT001118,,Y,Y
MKT001119,,Y,N
MKT001120,,Y,Y
MKT001121,,Y,Y
MKT001122,,Y,Y
MKT001123,,Y,Y
MKT001124,,Y,Y
MKT001125,,Y,Y
MKT001126,,Y,Y
MKT001127,,Y,Y
MKT001128,,Y,Y
MKT001129,,Y,Y
MKT001130,,Y,Y
MKT001131,,Y,Y
MKT001132,,Y,Y
MKT001133,,Y,Y
MKT001134,,Y,Y
MKT001135,,Y,Y
MKT001136,,Y,Y
MKT001137,,Y,Y
MKT001138,,Y,Y
MKT001139,,Y,Y
MKT001140,,Y,Y
MKT001141,,Y,Y
MKT001142,,Y,Y
MKT001143,,Y,Y
MKT001144,,Y,Y
MKT001145,,Y,Y
MKT001146,,Y,Y
MKT001147,,Y,Y
MKT001148,,Y,Y
MKT001149,,Y,Y
MKT001150,,Y,Y
MKT001151,,N,N
MKT001152,,Y,Y
MKT001153,,Y,Y
MKT001154,,Y,N
MKT001155,,Y,Y
MKT001156,,Y,Y
MKT001157,,N,N
MKT001158,,Y,Y
MKT001159,,Y,Y
MKT001160,,Y,Y
MKT001161,,Y,Y
MKT001162,,Y,Y
MKT001163,,Y,Y
MKT001164,,Y,N
MKT001165,,Y,N
MKT001166,,Y,Y
MKT001167,,Y,Y
MKT001168,,Y,Y
MKT001169,,Y,Y
MKT001170,,Y,Y
MKT001171,,Y,Y
MKT001172,,Y,Y
MKT001173,,Y,Y
MKT001174,,Y,Y
MKT001175,,Y,Y
MKT001176,,Y,Y
MKT001177,,N,N
MKT001178,,Y,Y
MKT001179,,Y,Y
MKT001180,,Y,Y
MKT001181,,Y,Y
MKT001182,,Y,Y
MKT001183,,Y,Y
MKT001184,,Y,Y
MKT001185,,Y,Y
MKT001186,,Y,Y
MKT001187,,Y,Y
MKT001188,,Y,Y
MKT001189,,Y,Y
MKT001190,,Y,Y
MKT001191,,Y,Y
MKT001192,,Y,Y
MKT001193,,Y,Y
MKT001194,,Y,Y
MKT001195,,Y,Y
MKT001196,,Y,Y
MKT001197,,Y,Y
MKT001198,,Y,Y
MKT001199,,Y,Y
MKT001200,,Y,Y
MKT001201,,N,Y
MKT001202,,Y,Y
MKT001203,,Y,Y
MKT001204,,Y,Y
MKT001205,,Y,Y
MKT001206,,Y,Y
MKT001207,,Y,Y
MKT001208,,Y,Y
MKT001209,,Y,Y
MKT001210,,Y,Y
MKT001211,,Y,Y
MKT001212,,Y,Y
MKT001213,,Y,Y
MKT001214,,Y,Y
MKT001215,,Y,Y
MKT001216,,Y,Y
MKT001217,,Y,Y
MKT001218,,Y,Y
MKT001219,,Y,N
MKT001220,,N,Y
MKT001221,,Y,Y
MKT001222,,Y,Y
MKT001223,,Y,Y
MKT001224,,Y,Y
MKT001225,,N,N
MKT001226,,Y,Y
MKT001227,,Y,Y
MKT001228,,Y,Y
MKT001229,,Y,Y
MKT001230,,Y,Y
MKT001231,,Y,Y
MKT001232,,Y,Y
MKT001233,,Y,Y
MKT001234,,Y,Y
MKT001235,,Y,Y
MKT001236,,Y,Y
MKT001237,,Y,Y
MKT001238,,Y,Y
MKT001239,,Y,Y
MKT001240,,Y,Y
MKT001241,,Y,Y
MKT001242,,Y,Y
MKT001243,,Y,Y
MKT001244,,N,Y
MKT001245,,Y,Y
MKT001246,,Y,Y
MKT001247,,Y,Y
MKT001248,,Y,N
MKT001249,,Y,Y
MKT001250,,Y,Y
MKT001251,,Y,Y
MKT001252,,Y,Y
MKT001253,,Y,Y
MKT001254,,Y,Y
MKT001255,,Y,N
MKT001256,,Y,Y
MKT001257,,Y,Y
MKT001258,,Y,Y
MKT001259,,Y,Y
MKT001260,,Y,Y
MKT001261,,Y,Y
MKT001262,,Y,Y
MKT001263,,Y,Y
MKT001264,,Y,Y
MKT001265,,Y,Y
MKT001266,,Y,Y
MKT001267,,Y,Y
MKT001268,,Y,Y
MKT001269,,Y,Y
MKT001270,,Y,Y
MKT001271,,Y,Y
MKT001272,,Y,Y
MKT001273,,Y,Y
MKT001274,,Y,Y
MKT001275,,Y,Y
MKT001276,,Y,Y
MKT001277,,Y,Y
MKT001278,,Y,Y
MKT001279,,Y,Y
MKT001280,,Y,Y
MKT001281,,Y,Y
MKT001282,,Y,Y
MKT001283,,Y,Y
MKT001284,,Y,Y
MKT001285,,Y,Y
MKT001286,,Y,Y
MKT001287,,Y,Y
MKT001288,,Y,N
MKT001289,,N,Y
MKT001290,,Y,N
MKT001291,,Y,Y
MKT001292,,Y,Y
MKT001293,,Y,Y
MKT001294,,Y,Y
MKT001295,,Y,N
MKT001296,,Y,Y
MKT001297,,Y,Y
MKT001298,,Y,Y
MKT001299,,Y,Y
MKT001300,,Y,Y
MKT001301,,Y,Y
MKT001302,,Y,Y
MKT001303,,Y,Y
MKT001304,,Y,Y
MKT001305,,Y,N
MKT001306,,Y,Y
MKT001307,,Y,N
MKT001308,,Y,Y
MKT001309,,Y,Y
MKT001310,,Y,Y
MKT001311,,Y,Y
MKT001312,,Y,Y
MKT001313,,Y,Y
MKT001314,,Y,N
MKT001315,,Y,Y
MKT001316,,Y,Y
MKT001317,,Y,N
MKT001318,,Y,Y
MKT001319,,Y,Y
MKT001320,,Y,Y
MKT001321,,Y,Y
MKT001322,,Y,Y
MKT001323,,Y,Y
MKT001324,,Y,Y
MKT001325,,Y,Y
MKT001326,,Y,Y
MKT001327,,Y,Y
MKT001328,,Y,Y
MKT001329,,Y,Y
MKT001330,,Y,N
MKT001331,,Y,Y
MKT001332,,Y,Y
MKT001333,,Y,Y
MKT001334,,Y,Y
MKT001335,,Y,N
MKT001336,,Y,Y
MKT001337,,Y,Y
MKT001338,,Y,Y
MKT001339,,Y,Y
MKT001340,,Y,Y
MKT001341,,Y,Y
MKT001342,,Y,Y
MKT001343,,Y,Y
MKT001344,,Y,Y
MKT001345,,Y,Y
MKT001346,,Y,Y
MKT001347,,Y,Y
MKT001348,,Y,Y
MKT001349,,Y,Y
MKT001350,,Y,Y
MKT001351,,Y,Y
MKT001352,,Y,Y
MKT001353,,Y,Y
MKT001354,,Y,Y
MKT001355,,Y,Y
MKT001356,,Y,Y
MKT001357,,Y,Y
MKT001358,,Y,Y
MKT001359,,Y,Y
MKT001360,,Y,Y
MKT001361,,Y,Y
MKT001362,,Y,Y
MKT001363,,Y,Y
MKT001364,,Y,Y
MKT001365,,Y,Y
MKT001366,,N,Y
MKT001367,,Y,Y
MKT001368,,Y,Y
MKT001369,,N,Y
MKT001370,,Y,Y
MKT001371,,Y,Y
MKT001372,,Y,Y
MKT001373,,Y,Y
MKT001374,,Y,Y
MKT001375,,Y,Y
MKT001376,,Y,Y
MKT001377,,Y,Y
MKT001378,,Y,N
MKT001379,,Y,Y
MKT001380,,Y,Y
MKT001381,,Y,Y
MKT001382,,Y,Y
MKT001383,,Y,Y
MKT001384,,Y,Y
MKT001385,,Y,Y
MKT001386,,Y,Y
MKT001387,,Y,Y
MKT001388,,Y,Y
MKT001389,,Y,Y
MKT001390,,Y,Y
MKT001391,,Y,Y
MKT001392,,Y,Y
MKT001393,,Y,Y
